<?xml version="1.0" encoding="UTF-8"?>
<project-private xmlns="http://www.netbeans.org/ns/project-private/1">
    <editor-bookmarks xmlns="http://www.netbeans.org/ns/editor-bookmarks/2" lastBookmarkId="0"/>
    <open-files xmlns="http://www.netbeans.org/ns/projectui-open-files/2">
        <group>
            <file>file://bsc/it/VDI_Home_SAC/plambh01/My%20Documents/NetBeansProjects/KWDFile/src/com/jarvis/Generate/FileGenerator.java</file>
            <file>file://bsc/it/VDI_Home_SAC/plambh01/My%20Documents/NetBeansProjects/KWDFile/src/com/jarvis/view/ViewFrame.java</file>
            <file>file://bsc/it/VDI_Home_SAC/plambh01/My%20Documents/NetBeansProjects/KWDFile/src/com/jarvis/JDBCUtil/Connect.java</file>
        </group>
    </open-files>
</project-private>
